,City,Country,Lat,Lng,Max Temp,Humidity,Cloudiness,Wind Speed,Date
0,Hobart,AU,-42.8794,147.3294,68.0,42,75,18.41,1612757559
1,Ushuaia,AR,-54.8,-68.3,51.8,82,75,2.3,1612757811
2,Saint George,US,37.1041,-113.5841,53.01,29,1,3.44,1612757710
3,George Town,MY,5.4112,100.3354,89.6,51,20,5.75,1612757850
4,Bluff,NZ,-46.6,168.3333,61.25,72,100,12.39,1612757850
5,Lebu,CL,-37.6167,-73.65,58.3,93,95,3.56,1612757850
6,Qaanaaq,GL,77.484,-69.3632,16.84,86,100,6.31,1612757851
7,Albany,US,42.6001,-73.9662,21.0,53,22,1.99,1612757851
8,Mataura,NZ,-46.1927,168.8643,76.87,35,95,2.51,1612757272
9,Tura,IN,25.5198,90.2201,74.25,31,0,4.27,1612757723
10,Tuktoyaktuk,CA,69.4541,-133.0374,-29.2,75,40,9.22,1612757269
11,Haines Junction,CA,60.7522,-137.5108,-22.0,76,25,1.14,1612757267
12,Alofi,NU,-19.0595,-169.9187,84.2,79,75,8.05,1612757852
13,Harper,LR,4.375,-7.7169,78.67,90,39,5.08,1612757852
14,Karratha,AU,-20.7377,116.8463,86.61,49,0,9.37,1612757853
15,New Norfolk,AU,-42.7826,147.0587,69.01,57,82,3.0,1612757853
16,Torbay,CA,47.6666,-52.7314,30.0,74,90,16.11,1612757853
17,Bengkulu,ID,-3.8004,102.2655,85.37,60,85,8.93,1612757854
18,Rundu,NA,-17.9333,19.7667,68.07,92,100,8.19,1612757854
19,Magistral'nyy,RU,56.1725,107.4458,25.25,95,100,7.05,1612757855
20,Cabo San Lucas,MX,22.8909,-109.9124,66.2,63,40,8.05,1612757755
21,Bagan,RU,54.1001,77.6646,17.01,97,97,15.35,1612757856
22,Vaini,TO,-21.2,-175.2,77.0,94,90,11.5,1612757857
23,Mufulira,ZM,-12.5498,28.2407,63.99,98,100,3.56,1612757857
24,Kaitangata,NZ,-46.2817,169.8464,64.99,78,100,1.99,1612757858
25,Kapit,MY,2.0167,112.9333,89.44,59,74,2.33,1612757858
26,Felipe Carrillo Puerto,MX,19.5833,-88.05,71.64,98,1,2.62,1612757858
27,Chui,UY,-33.6971,-53.4616,63.86,86,19,5.32,1612757858
28,Barrow,US,71.2906,-156.7887,-27.4,68,1,4.61,1612757859
29,Bemidji,US,47.4736,-94.8803,-20.0,76,1,6.91,1612757859
30,Punta Arenas,CL,-53.15,-70.9167,57.2,44,75,8.05,1612757859
31,Botou,CN,38.0667,116.5667,43.02,49,4,5.64,1612757859
32,Puerto Ayora,EC,-0.7393,-90.3518,77.0,94,100,5.59,1612757859
33,Avarua,CK,-21.2078,-159.775,84.2,74,40,8.05,1612757860
34,Bandarbeyla,SO,9.4942,50.8122,76.33,73,92,20.29,1612757860
35,Puerto Baquerizo Moreno,EC,-0.9,-89.6,76.84,90,98,5.79,1612757860
36,Alta Floresta,BR,-9.8756,-56.0861,68.94,98,100,0.29,1612757860
37,Pinyug,RU,60.251,47.7842,-20.94,85,100,10.09,1612757860
38,Port Alfred,ZA,-33.5906,26.891,64.99,86,75,4.0,1612757861
39,Kieta,PG,-6.2167,155.6333,84.11,75,64,8.9,1612757861
40,Bambous Virieux,MU,-20.3428,57.7575,84.2,65,40,12.66,1612757861
41,Hermanus,ZA,-34.4187,19.2345,55.99,94,31,3.6,1612757861
42,Mareeba,AU,-17.0,145.4333,89.01,79,97,5.75,1612757861
43,San Patricio,US,28.017,-97.5169,63.0,82,20,10.36,1612757862
44,Shevchenkove,UA,49.6959,37.1735,10.4,67,0,2.24,1612757862
45,Preobrazheniye,RU,42.9019,133.9064,15.12,76,0,11.86,1612757862
46,Dikson,RU,73.5069,80.5464,-29.94,85,91,18.63,1612757862
47,Puerto Escondido,MX,15.85,-97.0667,80.6,83,20,4.56,1612757863
48,Madang,PG,-5.2246,145.7966,86.63,61,100,1.43,1612757863
49,Serchhīp,IN,23.3,92.8333,69.8,56,0,1.86,1612757863
50,Tasiilaq,GL,65.6145,-37.6368,30.2,51,75,14.97,1612757863
51,Camapuã,BR,-19.5314,-54.0439,67.08,71,0,4.74,1612757864
52,Vaitape,PF,-16.5167,-151.75,82.04,76,26,12.5,1612757864
53,Khatanga,RU,71.9667,102.5,-24.21,80,60,13.65,1612757864
54,Portland,US,45.5234,-122.6762,44.01,77,93,1.99,1612757281
55,Rikitea,PF,-23.1203,-134.9692,77.47,72,76,14.34,1612757864
56,Hervey Bay,AU,-25.2986,152.8535,82.99,74,90,18.41,1612757865
57,Santa Helena de Goiás,BR,-17.8136,-50.5969,71.01,79,65,2.66,1612757865
58,Tezu,IN,27.9167,96.1667,74.79,20,0,4.09,1612757865
59,Rangāpāra,IN,26.8167,92.65,71.65,34,0,4.36,1612757865
60,Leningradskiy,RU,69.3833,178.4167,-17.45,87,7,8.52,1612757866
61,Camacha,PT,33.0833,-16.3333,60.8,88,40,14.97,1612757866
62,Richmond,US,37.5538,-77.4603,35.6,60,75,4.61,1612757674
63,Miquelon,PM,47.0975,-56.3814,29.41,92,100,4.03,1612757866
64,Nyurba,RU,63.2842,118.3319,-0.22,92,99,5.95,1612757867
65,Lompoc,US,34.6391,-120.4579,53.6,87,90,6.91,1612757867
66,Cherskiy,RU,68.75,161.3,4.98,74,0,1.57,1612757867
67,Pinheiro,BR,-2.5214,-45.0825,73.76,98,26,2.01,1612757867
68,Kulhudhuffushi,MV,6.6221,73.07,81.61,70,31,8.9,1612757867
69,Hilo,US,19.7297,-155.09,75.2,64,75,3.44,1612757603
70,Busselton,AU,-33.65,115.3333,66.99,90,96,8.01,1612757716
71,Province of Mantua,IT,45.1667,10.7833,46.0,96,25,1.99,1612757869
72,Upernavik,GL,72.7868,-56.1549,18.34,78,15,4.54,1612757870
73,Evanston,US,42.0411,-87.6901,1.4,65,75,5.75,1612757870
74,Ancud,CL,-41.8697,-73.8203,60.01,88,0,5.75,1612757871
75,Pitimbu,BR,-7.4706,-34.8086,78.8,83,20,5.75,1612757872
76,Katsuura,JP,35.1333,140.3,48.99,45,75,11.5,1612757835
77,Mobaye,CF,4.319,21.1786,62.17,31,99,2.89,1612757872
78,Assiniboia,CA,49.6334,-105.9845,-27.4,62,10,5.75,1612757873
79,Stepnyak,KZ,52.8339,70.7803,14.76,97,99,8.7,1612757873
80,Pevek,RU,69.7008,170.3133,-7.31,81,0,0.85,1612757873
81,Yangi Marg`ilon,UZ,40.4272,71.7189,42.8,81,59,1.28,1612757873
82,Chokurdakh,RU,70.6333,147.9167,-11.92,89,96,6.8,1612757873
83,Butaritari,KI,3.0707,172.7902,81.19,78,25,17.05,1612757712
84,Port Hardy,CA,50.6996,-127.4199,39.2,80,40,8.05,1612757874
85,Salalah,OM,17.0151,54.0924,69.8,68,0,5.75,1612757874
86,Yellowknife,CA,62.456,-114.3525,-35.0,67,75,9.22,1612757875
87,Jamestown,US,42.097,-79.2353,12.0,85,90,6.91,1612757875
88,Petropavl,KZ,54.8753,69.1628,6.8,78,75,13.42,1612757875
89,Dhangadhi,NP,28.7079,80.5961,65.34,41,0,2.93,1612757875
90,Saldanha,ZA,-33.0117,17.9442,60.8,77,0,6.91,1612757876
91,Mayumba,GA,-3.432,10.6554,77.34,87,100,3.4,1612757876
92,Atuona,PF,-9.8,-139.0333,79.34,76,16,19.46,1612757711
93,Deder,ET,9.3167,41.45,52.48,97,90,5.3,1612757876
94,Hofn,IS,64.2539,-15.2082,36.91,81,100,14.61,1612757876
95,Moindou,NC,-21.6924,165.677,84.2,70,90,8.05,1612757877
96,Bathsheba,BB,13.2167,-59.5167,77.0,65,20,16.11,1612757877
97,Dudinka,RU,69.4058,86.1778,-23.24,83,98,12.26,1612757645
98,Yelizovo,RU,53.1873,158.3805,24.8,80,75,8.95,1612757877
99,Cape Town,ZA,-33.9258,18.4232,68.0,72,40,11.5,1612757637
100,Longyearbyen,SJ,78.2186,15.6401,15.8,41,0,13.8,1612757878
101,Batman,TR,37.8874,41.1322,33.8,100,0,4.61,1612757878
102,Panama City,PA,8.9936,-79.5197,77.0,83,75,5.75,1612757878
103,Acapulco de Juárez,MX,16.8634,-99.8901,80.6,74,20,9.22,1612757878
104,Kununurra,AU,-15.7667,128.7333,93.2,62,92,9.22,1612757879
105,Coahuayana Viejo,MX,18.7333,-103.6833,73.26,77,44,1.41,1612757879
106,Bethel,US,41.3712,-73.414,26.6,63,90,10.36,1612757879
107,Ambulu,ID,-8.345,113.6058,87.78,61,97,3.31,1612757879
108,San Jose,US,37.3394,-121.895,55.0,71,40,0.87,1612757815
109,Kapaa,US,22.0752,-159.319,71.6,56,40,2.8,1612757880
110,Bantou,CN,26.2151,117.4893,77.97,46,68,3.15,1612757880
111,Bredasdorp,ZA,-34.5322,20.0403,57.2,82,22,5.75,1612757880
112,Ixtapa,MX,20.7,-105.2,68.0,88,1,1.19,1612757881
113,Ribeira Grande,PT,38.5167,-28.7,59.31,81,33,20.49,1612757881
114,Dingle,PH,10.9995,122.6711,75.79,93,100,9.35,1612757881
115,Superior,US,46.7208,-92.1041,-7.6,49,90,4.61,1612757881
116,Sherbakul',RU,54.6316,72.3963,3.2,85,0,6.71,1612757882
117,Nikolskoye,RU,59.7035,30.7861,10.99,85,75,6.71,1612757882
118,Marzuq,YE,14.4,46.4667,58.5,45,0,3.33,1612757883
119,Mount Isa,AU,-20.7333,139.5,89.6,55,90,10.36,1612757603
120,Great Bend,US,38.3645,-98.7648,12.2,92,90,12.66,1612757884
121,Sørland,NO,67.667,12.6934,34.66,82,98,7.49,1612757885
122,Arraial do Cabo,BR,-22.9661,-42.0278,74.26,80,100,1.12,1612757885
123,Madīnat Sittah Uktūbar,EG,29.8167,31.05,57.0,76,0,3.44,1612757886
124,Grand Gaube,MU,-20.0064,57.6608,84.0,69,2,7.0,1612757886
125,Ubatuba,BR,-23.4339,-45.0711,72.28,78,100,2.51,1612757886
126,Norman Wells,CA,65.282,-126.8329,-23.8,76,20,5.75,1612757886
127,Sola,VU,-13.8833,167.55,82.89,60,36,6.78,1612757887
128,Souillac,MU,-20.5167,57.5167,84.2,65,40,12.66,1612757885
129,Moose Factory,CA,51.2585,-80.6094,-20.2,76,1,3.44,1612757887
130,Hong Kong,HK,22.2855,114.1577,75.2,53,20,17.27,1612757887
131,La Santisima Trinidad,BO,-14.8333,-64.9,75.65,83,44,1.77,1612757888
132,Roebourne,AU,-20.7833,117.1333,86.59,48,0,6.91,1612757888
133,Umm Bāb,QA,25.2142,50.8072,64.0,94,1,5.75,1612757888
134,Iqaluit,CA,63.7506,-68.5145,32.0,74,90,17.27,1612757888
135,East London,ZA,-33.0153,27.9116,66.2,94,75,9.22,1612757889
136,Provideniya,RU,64.3833,-173.3,-1.14,85,100,20.83,1612757889
137,Téra,NE,14.0078,0.7531,70.83,22,0,6.22,1612757889
138,Faya,SA,18.3851,42.4509,50.0,57,40,4.61,1612757889
139,Nanortalik,GL,60.1432,-45.2371,31.71,87,96,15.48,1612757889
140,Port Elizabeth,ZA,-33.918,25.5701,64.4,77,0,17.27,1612757890
141,Jieshi,CN,22.8134,115.8257,73.99,66,0,17.96,1612757890
142,Hamilton,US,39.1834,-84.5333,18.0,53,75,9.22,1612757890
143,Maoming,CN,21.65,110.9,68.61,65,100,1.32,1612757890
144,Qasigiannguit,GL,68.8193,-51.1922,19.4,42,0,29.93,1612757891
145,Carnarvon,AU,-24.8667,113.6333,86.0,100,75,14.97,1612757891
146,Turaif,SA,31.6725,38.6637,39.2,100,0,4.61,1612757891
147,Sarangani,PH,5.4033,125.4636,82.09,75,100,4.97,1612757891
148,Saint-Philippe,RE,-21.3585,55.7679,86.0,54,90,5.75,1612757891
149,Thinadhoo,MV,0.5333,72.9333,81.52,80,19,12.86,1612757608
150,Castro,BR,-24.7911,-50.0119,53.37,81,0,5.88,1612757892
151,Kaspiysk,RU,42.8816,47.6392,30.2,86,90,2.24,1612757892
152,Turukhansk,RU,65.8167,87.9833,17.06,97,100,23.04,1612757892
153,Mossamedes,AO,-15.1961,12.1522,72.12,80,83,5.14,1612757893
154,Umluj,SA,25.0213,37.2685,68.63,40,0,26.98,1612757893
155,Neuquén,AR,-38.9516,-68.0591,64.4,52,75,17.27,1612757893
156,Aitape,PG,-3.1374,142.3475,85.14,66,58,6.4,1612757893
157,Monte Patria,CL,-30.6919,-70.9467,59.11,67,0,0.51,1612757894
158,Safita,SY,34.8205,36.1153,55.4,76,40,8.05,1612757894
159,Klaksvík,FO,62.2266,-6.589,33.8,64,75,26.46,1612757864
160,Clyde River,CA,70.4692,-68.5914,-0.4,85,1,8.05,1612757894
161,Two Hills,CA,53.7169,-111.7518,-25.6,75,60,6.91,1612757895
162,Beloha,MG,-25.1667,45.05,78.49,84,19,4.54,1612757895
163,Peniche,PT,39.3558,-9.3811,55.0,86,38,17.0,1612757895
164,Tiksi,RU,71.6872,128.8694,-28.77,86,57,5.28,1612757895
165,Marabá,BR,-5.3686,-49.1178,72.43,97,80,2.15,1612757895
166,Santiago del Estero,AR,-27.7951,-64.2615,73.0,65,2,1.99,1612757647
167,Saint-Augustin,CA,51.226,-58.6502,14.59,93,46,10.42,1612757896
168,Zhigansk,RU,66.7697,123.3711,-24.41,81,0,7.27,1612757898
169,Ventanas,EC,-1.45,-79.4667,75.4,94,100,2.19,1612757899
170,Krutinka,RU,56.0055,71.5113,3.81,93,81,12.95,1612757900
171,Airai,TL,-8.9266,125.4092,70.83,93,100,4.68,1612757900
172,Dwārka,IN,22.2394,68.9678,73.17,40,0,11.39,1612757900
173,Thompson,CA,55.7435,-97.8558,-27.4,68,75,13.8,1612757901
174,Ponta do Sol,PT,32.6667,-17.1,57.99,89,40,4.0,1612757901
175,Hualmay,PE,-11.0964,-77.6139,71.33,78,100,7.23,1612757901
176,Phan Thiet,VN,10.9333,108.1,85.93,50,11,10.09,1612757901
177,Kruisfontein,ZA,-34.0033,24.7314,62.01,87,74,1.01,1612757842
178,Lüderitz,NA,-26.6481,15.1594,66.61,49,0,24.56,1612757902
179,Escanaba,US,45.7453,-87.0646,-8.0,70,1,3.44,1612757636
180,Wajima,JP,37.4,136.9,28.4,93,75,9.22,1612757902
181,Ternate,ID,0.8,127.4,84.18,72,63,9.55,1612757902
182,Auka,HN,14.9333,-83.8333,71.11,93,0,1.95,1612757902
183,Katastari,GR,37.8333,20.7667,64.4,55,75,11.5,1612757903
184,Berlin,DE,52.5244,13.4105,19.0,67,75,18.41,1612757633
185,Samarai,PG,-10.6167,150.6667,85.57,69,86,3.31,1612757903
186,Vanavara,RU,60.34,102.2797,25.65,97,100,11.41,1612757903
187,Mushie,CD,-3.0167,16.9,72.01,94,68,3.24,1612757903
188,Casa Grande,US,32.8795,-111.7573,60.01,28,1,3.44,1612757904
189,Funtua,NG,11.5233,7.3081,61.23,28,16,8.7,1612757904
190,Shelabolikha,RU,53.4131,82.6167,26.6,80,75,13.42,1612757904
191,College,US,64.8569,-147.8028,-16.6,63,1,11.5,1612757851
192,Angoche,MZ,-16.2325,39.9086,77.27,86,48,5.12,1612757887
193,Kenora,CA,49.8167,-94.4337,-25.6,68,1,8.05,1612757905
194,Kommunisticheskiy,RU,61.6789,64.4819,-14.17,89,100,4.74,1612757905
195,Rome,US,43.2128,-75.4557,15.8,53,90,8.05,1612757713
196,Havre-St-Pierre,CA,50.2334,-63.5986,14.0,85,75,6.91,1612757905
197,Goundam,ML,16.4145,-3.6708,66.78,24,99,12.8,1612757905
198,Yerbogachën,RU,61.2767,108.0108,27.52,98,100,9.06,1612757897
199,Kiryat Gat,IL,31.61,34.7642,52.0,87,0,3.44,1612757906
200,Mabaruma,GY,8.2,-59.7833,72.7,98,95,2.77,1612757906
201,Toamasina,MG,-18.1667,49.3833,80.6,83,20,5.23,1612757906
202,Northam,GB,51.0333,-4.2167,35.01,73,93,17.0,1612757906
203,Shatki,RU,55.1887,44.1249,-17.09,87,23,8.7,1612757907
204,Banda Aceh,ID,5.5577,95.3222,85.35,65,8,10.04,1612757907
205,Saint-Joseph,RE,-21.3667,55.6167,86.0,54,90,5.75,1612757907
206,Port Lincoln,AU,-34.7333,135.8667,67.8,64,29,16.11,1612757907
207,Vila Velha,BR,-20.3297,-40.2925,70.0,100,90,3.44,1612757907
208,Frankfort,ZA,-27.2667,28.4833,55.51,94,2,3.02,1612757908
209,Komsomolets,KZ,53.7453,62.0708,-7.22,87,82,13.96,1612757908
210,Vestmannaeyjar,IS,63.4427,-20.2734,39.34,73,97,22.95,1612757908
211,Province of Groningen,NL,53.25,6.75,25.0,68,20,20.71,1612757655
212,Lahad Datu,MY,5.0268,118.327,86.49,67,100,5.46,1612757909
213,Kamaishi,JP,39.2667,141.8833,26.6,80,75,9.22,1612757909
214,Alekseyevsk,RU,57.8406,108.3492,26.64,94,100,12.97,1612757909
215,Dali,CN,25.7,100.1833,55.02,54,95,3.74,1612757910
216,Macenta,GN,8.5435,-9.471,67.12,95,26,0.63,1612757910
217,Marsabit,KE,2.3284,37.9899,63.82,88,90,13.73,1612757911
218,Crépy-en-Valois,FR,49.2336,2.8881,30.2,86,75,4.61,1612757912
219,Almeria,ES,37.1667,-2.3333,57.0,67,20,24.16,1612757913
220,Sitka,US,57.0531,-135.33,33.8,40,90,11.5,1612757913
221,Dodola,ET,6.9833,39.1833,49.93,75,100,2.21,1612757914
222,Nhulunbuy,AU,-12.2333,136.7667,87.8,66,40,11.5,1612757914
223,Garoowe,SO,8.4054,48.4845,70.09,76,58,11.74,1612757914
224,Mehamn,NO,71.0357,27.8492,21.2,93,90,27.63,1612757914
225,Karpathos,GR,35.507,27.2132,60.8,88,100,19.57,1612757915
226,Valparaíso,CL,-33.0393,-71.6273,53.6,100,0,2.3,1612757915
227,Naryan-Mar,RU,67.6713,53.087,-13.47,88,100,16.02,1612757915
228,Palmer,US,42.1584,-72.3287,26.6,63,90,17.27,1612757915
229,Biak,ID,-0.9131,122.8766,84.69,68,94,2.13,1612757916
230,Touros,BR,-5.1989,-35.4608,78.8,83,20,6.91,1612757916
231,Dhidhdhoo,MV,6.8833,73.1,81.73,69,26,8.39,1612757916
232,Flinders,AU,-34.5833,150.8552,73.0,72,52,4.0,1612757917
233,Miguel Calmon,BR,-11.4289,-40.595,69.62,89,97,1.19,1612757917
234,Jinchang,CN,38.4953,102.1739,38.62,50,8,4.52,1612757917
235,Sokolo,ML,14.7328,-6.1219,67.06,24,94,12.53,1612757918
236,Natal,BR,-5.795,-35.2094,80.6,78,40,9.22,1612757918
237,Jasper,US,37.2001,-94.3502,30.2,93,90,3.44,1612757918
238,Guthrie,US,35.8789,-97.4253,32.0,100,39,14.52,1612757721
239,Tara,RU,56.8944,74.371,4.15,94,100,10.42,1612757919
240,Avera,US,33.194,-82.5271,35.6,77,1,6.82,1612757919
241,Mitsamiouli,KM,-11.3847,43.2844,78.8,83,20,9.22,1612757919
242,Behshahr,IR,36.6923,53.5526,51.8,100,90,4.61,1612757919
243,Taksimo,RU,56.3444,114.8794,0.64,87,100,2.21,1612757919
244,Asău,RO,46.4333,26.4,30.0,72,76,2.1,1612757920
245,Severo-Yeniseyskiy,RU,60.3725,93.0408,10.87,94,100,12.64,1612757920
246,Benavente,ES,42.0025,-5.6783,44.01,100,75,3.44,1612757920
247,Malbork,PL,54.0359,19.0266,8.6,78,75,13.8,1612757920
248,Gornopravdinsk,RU,60.05,69.9,-3.53,89,100,11.81,1612757920
249,Sechura,PE,-5.5569,-80.8222,77.38,66,99,13.09,1612757921
250,Ouadda,CF,8.0777,22.4007,59.11,32,32,5.66,1612757921
251,Hsinchu,TW,24.8036,120.9686,73.0,62,7,10.0,1612757921
252,Naze,JP,28.3667,129.4833,69.8,52,75,16.11,1612757903
253,Fuerte Olimpo,PY,-21.0415,-57.8738,68.31,64,0,3.49,1612757921
254,Ustka,PL,54.5805,16.8619,18.73,90,59,21.83,1612757722
255,Panguna,PG,-6.3164,155.4848,78.28,86,73,2.64,1612757922
256,Manzhouli,CN,49.6,117.4333,2.98,89,17,4.85,1612757922
257,Cidreira,BR,-30.1811,-50.2056,70.05,74,0,7.63,1612757922
258,Saint Paul Harbor,US,57.79,-152.4072,26.6,74,1,5.75,1612757854
259,Fairbanks,US,64.8378,-147.7164,-16.6,68,1,4.68,1612757923
260,Key Largo,US,25.0865,-80.4473,73.0,98,0,1.41,1612757923
261,Marathon,US,44.9,-89.7668,-6.0,54,90,6.91,1612757923
262,Talnakh,RU,69.4865,88.3972,-12.55,78,75,4.36,1612757923
263,Puerto Madero,MX,14.7208,-92.4215,71.6,100,20,3.15,1612757923
264,Barcelona,ES,41.3888,2.159,53.01,58,20,12.66,1612757924
265,Kanniyākumāri,IN,8.0833,77.5667,78.42,62,17,26.8,1612757925
266,Mogadishu,SO,2.0371,45.3438,77.32,79,0,18.9,1612757926
267,Saskylakh,RU,71.9167,114.0833,-35.68,80,41,10.58,1612757926
268,Vallenar,CL,-28.5708,-70.7581,59.49,70,0,1.41,1612757927
269,Alugan,PH,12.2188,125.4808,79.0,86,100,13.71,1612757928
270,Abonnema,NG,4.7084,6.7931,77.0,94,20,4.21,1612757928
271,Mar del Plata,AR,-38.0023,-57.5575,62.01,77,90,11.5,1612757928
272,Beringovskiy,RU,63.05,179.3167,5.65,94,100,17.09,1612757929
273,Iranshahr,IR,27.2025,60.6848,57.2,30,0,4.61,1612757929
274,Tāybād,IR,34.74,60.7756,52.25,38,38,3.4,1612757929
275,Pisco,PE,-13.7,-76.2167,71.6,83,20,9.22,1612757662
276,Barkhan,PK,29.8977,69.5256,60.66,28,0,1.16,1612757930
277,Namtsy,RU,62.7161,129.6658,-38.2,60,90,2.24,1612757930
278,Nouadhibou,MR,20.931,-17.0347,59.0,77,0,18.41,1612757930
279,Jacksonville,US,30.3322,-81.6556,53.6,82,90,10.36,1612757661
280,Cabedelo,BR,-6.9811,-34.8339,78.8,83,20,5.75,1612757646
281,Gisborne,NZ,-38.6533,178.0042,75.99,61,0,4.0,1612757883
282,Ahipara,NZ,-35.1667,173.1667,72.32,60,56,9.04,1612757931
283,Marsh Harbour,BS,26.5412,-77.0636,74.91,88,17,10.09,1612757931
284,Tevriz,RU,57.509,72.4042,5.34,93,100,8.88,1612757932
285,Woodward,US,36.4337,-99.3904,30.2,93,90,6.91,1612757932
286,Arkhangel’skoye,RU,55.8549,35.3287,-1.95,93,8,6.6,1612757932
287,Bariloche,AR,-41.1456,-71.3082,59.0,58,75,9.22,1612757680
288,Bubaque,GW,11.2833,-15.8333,78.48,56,1,13.35,1612757932
289,Awjilah,LY,29.1081,21.2869,66.18,25,100,18.54,1612757933
290,Great Falls,US,47.5002,-111.3008,-14.01,83,1,4.61,1612757933
291,Jardim,BR,-21.4803,-56.1381,65.17,77,0,2.1,1612757876
292,Ocean City,US,39.2776,-74.5746,30.99,69,1,12.66,1612757933
293,Ruska Poliana,UA,49.417,31.9201,12.38,96,100,13.76,1612757933
294,Grindavik,IS,63.8424,-22.4338,33.8,75,0,16.11,1612757934
295,Porto Walter,BR,-8.2686,-72.7439,74.3,96,100,1.97,1612757934
296,Dalaba,GN,10.7,-12.25,57.7,42,0,1.59,1612757934
297,Seddon,AU,-37.8068,144.8916,66.99,63,90,17.27,1612757935
298,Bantuanon,PH,8.0153,125.0708,76.89,81,100,3.06,1612757935
299,Faanui,PF,-16.4833,-151.75,81.37,77,0,13.56,1612757935
300,Warri,NG,5.5167,5.75,79.54,87,100,4.61,1612757935
301,Izhma,RU,65.0083,53.9113,-18.9,87,100,10.45,1612757936
302,Poum,NC,-20.2333,164.0167,81.34,66,1,9.31,1612757936
303,Batagay-Alyta,RU,67.8006,130.4114,-22.76,77,16,1.92,1612757936
304,Uíge,AO,-7.6087,15.0613,68.58,96,100,1.74,1612757936
305,Lebyazh'ye,RU,55.2689,66.4947,-10.07,90,25,7.96,1612757937
306,Kenai,US,60.5544,-151.2583,9.0,78,1,4.61,1612757937
307,Azanka,RU,58.0401,64.7893,-6.66,89,100,9.06,1612757937
308,Pierre,US,44.3683,-100.351,-9.4,84,20,4.61,1612757937
309,Izumo,JP,35.3667,132.7667,39.2,93,75,1.14,1612757938
310,Quang Ngai,VN,15.1167,108.8,76.5,74,59,4.32,1612757938
311,Koumac,NC,-20.5667,164.2833,82.62,66,34,7.47,1612757939
312,Berlevåg,NO,70.8578,29.0864,21.2,93,90,27.63,1612757940
313,Le Port,RE,-20.9373,55.2919,80.6,74,20,11.5,1612757941
314,Fortuna,US,40.5982,-124.1573,43.0,93,90,5.01,1612757941
315,Iwanai,JP,42.9744,140.5089,19.94,91,100,18.86,1612757739
316,Bull Savanna,JM,17.8868,-77.5902,70.97,82,0,7.67,1612757942
317,Kavieng,PG,-2.5744,150.7967,84.74,71,25,8.05,1612757942
318,Tiznit Province,MA,29.5833,-9.5,49.82,87,82,2.3,1612757942
319,Marsaxlokk,MT,35.8419,14.5431,57.2,82,20,17.27,1612757795
320,Lovington,US,32.944,-103.3485,55.0,17,0,5.99,1612757943
321,Bowen,AU,-20.0167,148.2333,93.2,59,27,8.05,1612757943
322,Isangel,VU,-19.55,169.2667,86.0,74,40,6.91,1612757943
323,Kuantan,MY,3.8077,103.326,82.4,74,20,6.91,1612757724
324,Sembakung,ID,3.8167,117.25,87.8,70,40,8.05,1612757944
325,Oyem,GA,1.5995,11.5793,68.22,97,100,1.57,1612757944
326,Lake Sebu,PH,6.22,124.6936,86.0,66,75,8.05,1612757944
327,Codrington,AU,-38.2667,141.9667,63.25,62,100,16.91,1612757944
328,Zhezkazgan,KZ,47.8043,67.7144,24.8,86,90,22.37,1612757945
329,Ilulissat,GL,69.2167,-51.1,19.4,42,0,29.93,1612757945
330,Hithadhoo,MV,-0.6,73.0833,82.04,73,29,11.39,1612757945
331,Husavik,IS,66.0449,-17.3389,32.0,74,20,3.44,1612757945
332,Tortolì,IT,39.9256,9.6572,50.0,37,0,13.8,1612757946
333,Mashhad,IR,36.297,59.6062,53.6,62,40,9.22,1612757946
334,Amapá,BR,1.0,-52.0,71.91,98,100,2.89,1612757946
335,Anadyr,RU,64.75,177.4833,8.6,61,100,20.13,1612757946
336,Katangli,RU,51.7102,143.2326,6.78,94,100,22.46,1612757947
337,Fairview,US,40.8126,-73.999,28.4,68,1,12.66,1612757947
338,Bogandinskiy,RU,56.8937,65.8938,-7.6,71,0,8.95,1612757947
339,Esperance,AU,-33.8667,121.9,87.8,37,40,24.16,1612757947
340,Nouakchott,MR,18.0858,-15.9785,59.0,36,0,9.22,1612757948
341,Oktyabr'skiy,RU,54.4815,53.471,-6.23,87,100,13.94,1612757948
342,Severo-Kuril'sk,RU,50.6789,156.125,25.07,91,23,14.83,1612757948
343,Mount Gambier,AU,-37.8333,140.7667,64.4,63,40,14.97,1612757949
344,Macroom,IE,51.9,-8.95,37.99,64,90,18.41,1612757949
345,Temerloh,MY,3.4483,102.4176,89.19,52,30,4.12,1612757949
346,Sar-e Pul,AF,35.8333,66.1667,49.48,50,97,10.11,1612757949
347,Zabul Province,AF,32.25,67.25,47.71,43,0,2.8,1612757950
348,Pundaguitan,PH,6.3711,126.1689,80.35,78,100,5.19,1612757950
349,Dekar,BW,-21.5333,21.9333,64.8,90,95,5.5,1612757950
350,Cayenne,GF,4.9333,-52.3333,78.8,89,75,5.75,1612757470
351,Patnāgarh,IN,20.7167,83.15,69.62,26,7,5.1,1612757950
352,Nabire,ID,-3.3667,135.4833,87.94,60,77,6.55,1612757951
353,Altay,CN,47.8667,88.1167,28.87,85,20,3.11,1612757951
354,Bose,IT,45.4612,8.0137,39.0,97,3,5.86,1612757951
355,Constitución,CL,-35.3333,-72.4167,56.59,90,9,4.63,1612757952
356,Abhā,SA,18.2164,42.5053,50.0,57,40,4.61,1612757953
357,Show Low,US,34.2542,-110.0298,41.0,36,1,10.36,1612757953
358,Didsbury,GB,53.417,-2.2315,34.0,74,75,17.27,1612757710
359,Paamiut,GL,61.994,-49.6678,27.59,81,73,15.46,1612757954
360,Necochea,AR,-38.5473,-58.7368,59.0,76,57,12.08,1612757955
361,Sittwe,MM,20.15,92.9,74.91,40,0,7.18,1612757955
362,Batemans Bay,AU,-35.7167,150.1833,73.0,69,44,1.99,1612757759
363,Maun,BW,-19.9833,23.4167,68.0,100,90,11.5,1612757956
364,Lucapa,AO,-8.4192,20.7447,64.56,98,100,3.13,1612757956
365,Ketchikan,US,55.3422,-131.6461,30.2,74,1,8.05,1612757956
366,San Quintín,MX,30.4833,-115.95,57.9,83,0,4.68,1612757957
367,Hasaki,JP,35.7333,140.8333,48.99,39,20,8.05,1612757957
368,Taoudenni,ML,22.6783,-3.9836,56.75,37,0,7.07,1612757957
369,Caravelas,BR,-17.7125,-39.2481,75.94,91,100,10.76,1612757957
370,Hvolsvollur,IS,63.7533,-20.2243,32.0,75,96,13.0,1612757957
371,Pombas,CV,17.1503,-25.0201,68.0,60,75,25.32,1612757958
372,Pangoa,PE,-12.1167,-73.0,69.91,92,100,2.15,1612757958
373,Boguchany,RU,58.3814,97.4531,24.44,93,76,10.33,1612757958
374,Nantucket,US,41.2835,-70.0995,33.8,100,90,18.41,1612757799
375,Tinaquillo,VE,9.9186,-68.3047,70.81,82,59,4.72,1612757958
376,Aykhal,RU,66.0,111.5,-22.65,84,81,5.32,1612757959
377,Soe,ID,-9.8607,124.284,75.78,89,87,9.44,1612757959
378,Narsaq,GL,60.9167,-46.05,39.2,28,40,40.29,1612757959
379,Cockburn Town,TC,21.4612,-71.1419,77.92,84,25,17.29,1612757959
380,Batagay,RU,67.6333,134.6333,-26.64,84,53,1.72,1612757960
381,Stolin,BY,51.8912,26.846,13.23,94,100,15.17,1612757960
382,Itoman,JP,26.1247,127.6694,71.6,49,20,18.41,1612757960
383,Mahon,ES,39.8885,4.2658,53.6,82,0,11.5,1612757960
384,Igarka,RU,67.4667,86.5833,4.14,94,100,10.25,1612757961
385,Bartlesville,US,36.7473,-95.9808,26.6,93,90,8.05,1612757666
386,Ferrol,ES,43.4832,-8.2369,50.0,93,0,5.75,1612757961
387,Porlamar,VE,10.958,-63.8491,76.6,84,21,17.22,1612757961
388,Vostok,RU,46.4856,135.8833,-3.37,90,100,6.46,1612757961
389,Burgos,ES,42.3394,-3.7079,43.0,100,90,17.27,1612757962
390,Talaya,RU,61.3833,152.75,-8.46,87,100,11.41,1612757962
391,Viedma,AR,-40.8135,-62.9967,55.26,66,76,7.38,1612757962
392,Hobyo,SO,5.3505,48.5268,77.45,79,9,17.54,1612757962
393,Yulara,AU,-25.2406,130.9889,95.0,16,0,8.05,1612757962
394,Vila,PT,42.0304,-8.1588,44.01,95,92,17.0,1612757963
395,Port Augusta,AU,-32.5,137.7667,78.8,38,0,11.5,1612757963
396,Río Gallegos,AR,-51.6226,-69.2181,55.4,67,0,6.91,1612757963
397,Padang,ID,-0.9492,100.3543,87.8,66,20,3.44,1612757702
398,Port-Gentil,GA,-0.7193,8.7815,81.36,78,100,6.08,1612757963
399,Aranos,NA,-24.1333,19.1167,68.32,78,0,4.21,1612757964
400,St. George's,GD,12.0564,-61.7485,78.06,75,14,17.81,1612757964
401,Waddān,LY,29.1614,16.139,63.57,29,100,12.44,1612757964
402,Tabou,CI,4.423,-7.3528,78.19,90,9,5.93,1612757964
403,Marsá Maţrūḩ,EG,31.3525,27.2453,55.4,76,0,9.22,1612757965
404,Amahai,ID,-3.3333,128.9167,88.03,58,41,5.08,1612757965
405,Mata,PT,40.683,-7.4592,46.99,91,48,8.01,1612757965
406,Gikongoro,RW,-2.464,29.5739,60.17,87,100,3.06,1612757965
407,Lorengau,PG,-2.0226,147.2712,85.77,68,100,7.11,1612757965
408,Pringsewu,ID,-5.3582,104.9744,84.83,69,58,7.02,1612757966
409,Port Hedland,AU,-20.3167,118.5667,91.4,46,40,17.27,1612757967
410,Hammond,US,41.5834,-87.5,1.4,60,90,4.61,1612757967
411,Novozybkov,RU,52.5396,31.9275,1.4,85,0,4.47,1612757969
412,Nevers,FR,46.9896,3.159,34.0,93,90,4.61,1612757970
413,São Félix do Xingu,BR,-6.6447,-51.995,71.67,96,99,1.86,1612757970
414,Gizo Government Station,SB,-8.103,156.8419,85.3,74,63,11.92,1612757970
415,Leh,IN,34.1667,77.5833,18.72,67,72,1.52,1612757970
416,San Policarpo,PH,12.1791,125.5072,79.5,85,100,14.47,1612757875
417,Galle,LK,6.0367,80.217,81.88,75,28,2.04,1612757971
418,Hearst,CA,49.6835,-83.6665,-13.0,77,100,4.61,1612757971
419,Nalbari,IN,26.4456,91.4354,66.2,55,40,3.44,1612757971
420,Valday,RU,57.9747,33.2525,5.27,95,99,5.41,1612757972
421,Līsakovsk,KZ,52.5369,62.4936,-8.27,85,0,17.87,1612757972
422,eMkhomazi,ZA,-30.2067,30.7978,75.99,96,95,7.09,1612757972
423,Kosikha,RU,53.3617,84.5822,26.6,80,75,13.42,1612757972
424,Kovdor,RU,67.5662,30.4758,7.83,95,96,6.85,1612757973
425,Progreso,MX,21.2833,-89.6667,75.2,88,75,11.5,1612757973
426,Myski,RU,53.709,87.8014,27.52,95,100,3.62,1612757973
427,Coyhaique,CL,-45.5752,-72.0662,53.6,71,0,1.3,1612757973
428,Olafsvik,IS,64.8945,-23.7142,35.19,80,53,15.32,1612757876
429,Igrim,RU,63.1906,64.4162,-8.25,90,100,8.97,1612757974
430,La Primavera,CO,5.4906,-70.4092,83.03,55,98,5.75,1612757974
431,Sheridan,US,44.8333,-106.9173,-9.4,77,90,2.66,1612757760
432,Makkah al Mukarramah,SA,21.4267,39.8261,68.99,27,0,15.26,1612757889
433,San Cristobal,VE,7.7669,-72.225,67.59,85,100,1.12,1612757975
434,Ambon City,ID,-3.6954,128.1814,89.6,62,40,11.5,1612757975
435,Tateyama,JP,34.9833,139.8667,51.01,57,40,12.66,1612757975
436,Maţāy,EG,28.419,30.7792,54.66,45,0,5.66,1612757770
437,Merauke,ID,-8.4667,140.3333,87.26,68,51,10.6,1612757975
438,Maltahöhe,NA,-24.8333,16.9833,70.16,32,0,12.86,1612757976
439,Koutsouras,GR,35.0339,25.9469,62.01,82,100,12.01,1612757976
440,Mahébourg,MU,-20.4081,57.7,84.2,65,40,12.66,1612757976
441,Altus,US,34.6381,-99.334,41.0,75,1,16.11,1612757976
442,Ampanihy,MG,-24.7,44.75,76.73,89,49,3.69,1612757976
443,Namatanai,PG,-3.6667,152.4333,85.01,72,33,8.01,1612757977
444,Antofagasta,CL,-23.65,-70.4,64.4,88,0,4.61,1612757897
445,Sangar,RU,63.9242,127.4739,-20.79,82,0,1.52,1612757977
446,Riyadh,SA,24.6877,46.7219,55.4,71,0,11.5,1612757885
447,Meadow Lake,US,34.8014,-106.5436,46.4,14,20,4.61,1612757977
448,Yar-Sale,RU,66.8333,70.8333,-9.94,90,100,18.45,1612757874
449,Wanning,CN,18.8003,110.3967,74.26,78,90,8.12,1612757978
450,Salamanca,ES,40.8333,-6.0,43.0,75,88,15.17,1612757978
451,Formosa do Rio Preto,BR,-11.0483,-45.1931,68.92,82,100,2.39,1612757978
452,Arman',RU,59.7,150.1667,12.97,84,100,16.98,1612757978
453,Castle Bruce,DM,15.4333,-61.2667,76.15,76,23,14.14,1612757979
454,Dobson,US,36.3957,-80.7226,32.0,74,1,3.44,1612757979
455,Concordia,AR,-31.393,-58.0209,68.0,93,0,3.56,1612757979
456,Tripoli,LY,32.8752,13.1875,61.93,52,0,20.87,1612757980
457,Brazzaville,CG,-4.2658,15.2832,75.2,88,36,2.3,1612757980
458,The Pas,CA,53.8251,-101.2541,-27.4,56,1,13.8,1612757981
459,Emba,KZ,48.8264,58.1442,-7.47,89,51,12.66,1612757981
460,Belfast,GB,54.5833,-5.9333,35.01,69,90,13.8,1612757982
461,Skibbereen,IE,51.55,-9.2667,35.6,64,90,18.41,1612757982
462,Cedar City,US,37.6775,-113.0619,41.0,20,1,9.22,1612757983
463,Evensk,RU,61.95,159.2333,12.58,92,100,43.11,1612757984
464,Banikoara,BJ,11.2985,2.4386,70.9,22,20,5.5,1612757984
465,Crestview,US,30.7621,-86.5705,39.99,93,1,5.28,1612757984
466,San Jerónimo,PE,-11.9472,-75.2829,47.93,76,100,1.12,1612757985
467,Iskateley,RU,67.6803,53.1512,-13.5,88,100,15.88,1612757985
468,Doha,QA,25.2867,51.5333,66.2,72,0,5.75,1612757985
469,Meulaboh,ID,4.1363,96.1285,86.36,63,91,1.86,1612757985
470,Praia,CV,14.9215,-23.5087,68.0,64,75,20.71,1612757702
471,Barcelos,PT,41.5388,-8.6151,51.8,87,40,9.22,1612757986
472,Bitung,ID,1.4451,125.1824,86.0,66,40,6.91,1612757986
473,Akhtubinsk,RU,48.2795,46.1722,13.98,80,53,7.78,1612757987
474,Koster,ZA,-25.863,26.8976,56.98,98,29,3.78,1612757987
475,Graaff-Reinet,ZA,-32.2522,24.5308,63.0,92,81,1.12,1612757987
476,Vardø,NO,70.3705,31.1107,21.2,79,90,16.11,1612757987
477,Egvekinot,RU,66.3167,-179.1667,-14.19,87,8,17.31,1612757988
478,Markova,UA,48.6758,24.4138,28.69,98,100,5.32,1612757988
479,Fendou,CN,46.65,124.8667,4.26,86,0,7.92,1612757988
480,West Freehold,US,40.2421,-74.3013,27.0,93,1,8.05,1612757988
481,Sibut,CF,5.718,19.0739,62.22,29,81,3.24,1612757989
482,Maceió,BR,-9.6658,-35.7353,73.4,94,0,3.44,1612757893
483,Santo Tomas,PH,14.1079,121.1414,87.8,55,40,13.8,1612757981
484,Korla,CN,41.7597,86.1469,38.95,58,96,5.21,1612757989
485,Nerópolis,BR,-16.4064,-49.2186,69.8,94,75,4.79,1612757989
486,Akçaabat,TR,41.0212,39.5715,48.2,93,40,8.05,1612757990
487,Mangai,CD,-4.05,19.5333,69.35,93,99,0.76,1612757990
488,Shache,CN,38.4167,77.2406,38.52,62,45,3.0,1612757990
489,Narragansett,US,41.4501,-71.4495,32.0,93,90,10.36,1612757990
490,Chissamba,AO,-12.1667,17.3333,62.91,92,100,4.85,1612757990
491,Koslan,RU,63.4564,48.8989,-22.14,85,100,9.13,1612757991
492,Chengzhong,CN,30.95,113.55,50.0,66,100,8.95,1612757991
493,Burns Lake,CA,54.2331,-125.7533,3.2,92,67,1.14,1612757991
494,Tombouctou,ML,20.0,-3.0,56.93,34,49,9.95,1612757991
495,Maseru,LS,-29.3167,27.4833,58.82,88,2,1.77,1612757991
496,Arrondissement de Mende,FR,44.6667,3.5,29.68,100,100,3.74,1612757992
497,Bundaberg,AU,-24.85,152.35,82.99,74,90,18.41,1612757992
498,Larreynaga,NI,12.6769,-86.5719,73.99,67,12,3.83,1612757992
499,Prince Rupert,CA,54.3161,-130.3201,32.0,59,1,10.36,1612757992
500,Tautira,PF,-17.7333,-149.15,86.0,62,40,10.36,1612757993
501,Itarema,BR,-2.9248,-39.9167,78.82,85,24,9.95,1612757993
502,Ferreñafe,PE,-6.6389,-79.7889,70.0,88,89,3.0,1612757993
503,Lavrentiya,RU,65.5833,-171.0,-11.56,85,23,10.74,1612757993
504,Shamary,RU,57.3434,58.2199,-12.77,87,100,11.34,1612757993
505,Porkhov,RU,57.765,29.5561,14.0,92,90,4.47,1612757994
506,Alpena,US,45.0617,-83.4327,3.2,66,1,8.05,1612757994
507,Åkersberga,SE,59.4794,18.2997,15.01,92,20,2.3,1612757995
508,Kyshtovka,RU,56.555,76.6271,7.7,94,100,11.86,1612757995
509,Atar,MR,20.5169,-13.0499,56.07,39,0,8.95,1612757996
510,Chul'man,RU,56.8479,124.9104,-10.97,86,7,0.92,1612757998
511,Bosaso,SO,11.2842,49.1816,74.14,78,47,4.52,1612757998
512,Banjar,ID,-8.19,114.9675,86.0,74,20,5.75,1612757998
513,Riverton,US,40.5219,-111.9391,41.0,45,1,1.45,1612757920
514,Bakchar,RU,57.0186,82.0711,10.87,94,100,11.1,1612757999
515,Aksarka,RU,66.5606,67.7975,-16.69,87,100,25.1,1612757999
516,Magaria,NE,12.9983,8.9099,59.34,28,28,7.02,1612757999
517,Malartic,CA,48.1335,-78.1328,-7.6,77,90,3.44,1612757999
518,Caohai,CN,26.8661,104.2841,40.73,69,100,4.79,1612758000
519,Boshnyakovo,RU,49.6333,142.1667,7.92,95,100,16.24,1612758000
520,Ponta Delgada,PT,37.7333,-25.6667,57.2,82,20,13.8,1612758000
521,Hay River,CA,60.8156,-115.7999,-38.2,67,100,3.44,1612758000
522,Chapleau,CA,47.8405,-83.4034,-8.99,89,24,4.76,1612758001
523,Talcahuano,CL,-36.7167,-73.1167,55.4,100,0,2.3,1612758001
524,Alekseyevka,RU,50.6309,38.6903,8.13,90,92,5.68,1612758001
525,Mbuguni,TZ,-3.5667,36.95,69.8,94,75,3.4,1612758002
526,Chumikan,RU,54.7183,135.315,-3.15,85,100,23.6,1612758002
527,Vaasa,FI,63.096,21.6158,18.0,93,90,2.3,1612757975
528,Japaratuba,BR,-10.5933,-36.9403,80.6,74,40,10.36,1612758002
529,Kedrovyy,RU,56.1667,91.8167,30.2,69,40,10.0,1612758003
530,Halifax,CA,44.6453,-63.5724,28.99,93,100,16.11,1612758001
531,Timbiquí,CO,2.7717,-77.6654,76.39,91,99,0.94,1612758003
532,Dingli,MT,35.8614,14.3822,57.2,82,20,17.27,1612758003
533,Yuli,NG,9.6989,10.2744,68.45,24,98,6.15,1612758004
534,Ayagoz,KZ,47.9714,80.4392,27.45,93,87,1.59,1612758004
535,Bilma,NE,18.6853,12.9164,58.84,29,100,3.58,1612758005
536,Laas,IT,46.6166,10.7002,35.01,80,90,6.91,1612758005
537,Gōtsuchō,JP,35.0,132.2167,46.4,57,75,20.71,1612758005
538,Lagoa,PT,39.05,-27.9833,57.83,81,4,24.16,1612758005
539,Vilhena,BR,-12.7406,-60.1458,68.88,97,100,2.73,1612758006
540,Dunedin,NZ,-45.8742,170.5036,61.0,88,94,1.01,1612758006
541,Omboué,GA,-1.5746,9.2618,77.14,88,100,3.49,1612758006
542,Ojinaga,MX,29.5667,-104.4167,59.0,18,1,9.22,1612758006
543,Loreto,MX,22.2667,-101.9667,58.15,34,78,5.79,1612758007
544,Ostrovnoy,RU,68.0531,39.5131,9.23,94,100,11.92,1612758007
545,Zhifang,CN,30.35,114.3167,50.0,66,100,8.95,1612758007
546,Wenling,CN,28.3669,121.36,53.01,74,100,3.0,1612758008
547,Malabo,GQ,3.75,8.7833,77.0,79,20,2.3,1612758009
548,Kindu,CD,-2.95,25.95,68.81,86,100,0.47,1612758009
549,Henties Bay,NA,-22.116,14.2845,63.0,91,99,5.99,1612758010
550,Marawi,PH,7.9986,124.2928,79.0,89,100,4.0,1612758011
551,Curvelo,BR,-18.7564,-44.4308,67.69,97,100,4.65,1612758011
552,Popondetta,PG,-8.7537,148.2534,83.5,76,100,4.72,1612758012
553,Buin,CL,-33.7333,-70.75,64.0,72,20,6.91,1612758012
554,Kysyl-Syr,RU,63.8986,122.7617,-18.22,86,46,8.1,1612758012
555,Vieste,IT,41.8825,16.175,51.8,82,40,5.75,1612758013
556,Qaryat Sulūq,LY,31.6682,20.2521,61.86,34,100,19.42,1612757830
557,Serra Talhada,BR,-7.9919,-38.2983,74.57,62,44,7.63,1612758013
558,La Ronge,CA,55.1001,-105.2842,-32.8,61,1,3.44,1612757899
559,Kalianget,ID,-7.05,113.9333,83.95,76,72,14.27,1612758014
560,San Isidro,PE,-12.1167,-77.05,75.0,88,0,11.5,1612758014
561,Makat,KZ,47.6469,53.3463,13.1,78,0,15.14,1612758014
562,Poletayevo,RU,55.0336,61.1138,-4.0,71,40,17.9,1612758014
563,Maragogi,BR,-9.0122,-35.2225,76.64,84,100,5.5,1612758014
564,Östersund,SE,63.1792,14.6357,15.8,86,90,6.91,1612758015
565,Karatau,KZ,43.1667,70.4667,47.5,76,94,15.95,1612758015
566,Sharlyk,RU,52.9167,54.75,-10.05,88,100,15.28,1612758015
567,Balsas,BR,-7.5325,-46.0356,73.31,91,100,4.23,1612758015
568,Gumdag,TM,39.2061,54.5906,44.22,85,0,2.33,1612758016
569,Jishou,CN,28.3167,109.7167,52.21,70,100,5.48,1612758016
570,Noumea,NC,-22.2763,166.4572,84.99,70,90,8.05,1612758016
571,Geraldton,AU,-28.7667,114.6,77.0,61,75,14.97,1612758016
572,Buala,SB,-8.145,159.5921,85.01,77,85,10.42,1612758017
573,Kungurtug,RU,50.5994,97.5228,16.97,87,100,1.32,1612758017
574,Zyryanka,RU,65.75,150.85,-17.95,86,99,19.71,1612758017
575,Tignère,CM,7.3667,12.65,62.33,29,97,2.01,1612758017
576,San Juan,AR,-31.5375,-68.5364,75.96,46,97,22.91,1612758003
